{"cameraMode":{"drawMode":0,"name":"Shaded","section":"Shading Mode"},"sceneLighting":true,"audioPlay":false,"sceneViewState":{"m_AlwaysRefresh":false,"showFog":true,"showSkybox":true,"showFlares":true,"showImageEffects":true,"showParticleSystems":true,"showVisualEffectGraphs":true,"m_FxEnabled":true},"in2DMode":false,"pivot":{"x":-3.3219025135040285,"y":-1.9507429599761963,"z":13.160640716552735},"rotation":{"x":-0.10663372278213501,"y":-0.02581770345568657,"z":-0.006439046934247017,"w":-0.9979099631309509},"size":4.820209503173828,"orthographic":false}