{"cameraMode":{"drawMode":0,"name":"Shaded","section":"Shading Mode"},"sceneLighting":true,"audioPlay":false,"sceneViewState":{"m_AlwaysRefresh":false,"showFog":true,"showSkybox":true,"showFlares":true,"showImageEffects":true,"showParticleSystems":true,"showVisualEffectGraphs":true,"m_FxEnabled":true},"in2DMode":false,"pivot":{"x":-3.6650617122650148,"y":-2.617973804473877,"z":15.945191383361817},"rotation":{"x":-0.04902564361691475,"y":0.08809073269367218,"z":-0.004480618517845869,"w":-0.995844304561615},"size":4.996440887451172,"orthographic":false}