{"cameraMode":{"drawMode":0,"name":"Shaded","section":"Shading Mode"},"sceneLighting":true,"audioPlay":false,"sceneViewState":{"m_AlwaysRefresh":false,"showFog":true,"showSkybox":true,"showFlares":true,"showImageEffects":true,"showParticleSystems":true,"showVisualEffectGraphs":true,"m_FxEnabled":true},"in2DMode":false,"pivot":{"x":-21.05484962463379,"y":24.542707443237306,"z":-60.243988037109378},"rotation":{"x":0.19576038420200349,"y":0.26277437806129458,"z":-0.052174340933561328,"w":0.9463258385658264},"size":2.1825931072235109,"orthographic":false}