{"cameraMode":{"drawMode":0,"name":"Shaded","section":"Shading Mode"},"sceneLighting":true,"audioPlay":false,"sceneViewState":{"m_AlwaysRefresh":false,"showFog":true,"showSkybox":true,"showFlares":true,"showImageEffects":true,"showParticleSystems":true,"showVisualEffectGraphs":true,"m_FxEnabled":true},"in2DMode":false,"pivot":{"x":-3.8428683280944826,"y":-2.4039134979248049,"z":11.098627090454102},"rotation":{"x":0.0993233248591423,"y":-0.1308548003435135,"z":0.012502403929829598,"w":0.9869892597198486},"size":7.188744068145752,"orthographic":false}